车型-列车号,故障情况,处理情况
AC05-0415,工作令号:四日-2022-8-3 040883 3号车门故障,读取故障，故障记录为DC5、DC6、DC7，更换040883车3号车门处一个从门控制器和一个传动电机后，多次测试开关门功能正常。（日检一班）（备件由中车申通提供，坏件交由中车申通处理）（从门控制器 厂商：IFE 型号：PMC20-110R）（传动电机 型号规格：N300406R24 生产厂商/品牌：IFE）（备件为返修件） 旧件：ZE4530023969 1452（服：5399342） 新件：ZE4530001298 0937（部：5399344）
AC05-0424,工作令号:四临-2022-8-21 02022-08-26 16:12 16:12 上海体育馆上行40590次0424#车开门侧运行端3-1车门显示红色故障,日检上车确认故障，跟车保驾回库，回库后读取故障记录为DC43（门锁闭装置故障），检查车门限位开关正常，锁闭装置正常，传动装置正常，进一步检查为主门控器故障，更换一个主门控器（MDCU）后多次开关门试验正常。（日检三班）（备件来源：中车申通）（备件为返修件）（型号：MK7065 生产厂商：南京康尼机电股份有限公司）（新件序列号：0508200024901150500009（部：4588125），旧件序列号：05082000249011A1400024（服：5438992）
AC05-0413,工作令号:四临-2022-8-22 02022-08-31 17:42 四号线浦东大道站下行0413#车，列车左门侧第29扇车门显示红色故障。,日检上车确认040731车4号车门切除到位，跟车保驾回库，回库后读取故障记录为DC4（3秒钟内车门不解锁）、DC8（DCU内部安全继电器故障）、DC18（DCU中的输出端A7短路），调取录像发现车门不能正常开启，检查限位开关及传动机构均正常，更换040731车4号车门1个从门控制器后，多次开关门测试正常。（日检一班）（备件由中车申通提供，坏件交由中车申通处理）（备件为返修件）（从门控制器 厂商：IFE 型号：PMC20-110R） 旧件序列号：ZE234213 0548（服：5443927） 新件序列号：ZE4530014406 1320（部：5260486） 现将040731车4门与6门从门控制器互换，现4门从门控制器序列号为SN10150066，6门从门控制器序列号为ZE4530014406 1320。
AC05-0411,工作令号:四临-2022-9-7 02022-09-15 06:44 四号线曹杨路站上行41690次0411#车5-5车门故障被切除,日检上车确认车门切除到位，回库后读取故障记录为DC44（不能打开车门），调取录像发现车门不能正常开启，检查限位开关及传动机构均正常，更换040652车1号车门1个主门控制器后，多次开关门测试正常。（日检一班）（备件由中车申通提供，坏件交由中车申通处理）（客室车门控制器(MDCU) 型号：MK7065 厂商：南京康尼机电股份有限公司） 旧件序列号：312902003007690020B2000562（服:5469702） 新件序列号：312902003009560021A3001194 现将040643车1号车门与040652车1号车门主门控器互换，现040643车1号车门序列号：312902003009560021A3001194，040652车1号车门序列号：312902003007690019A2800625 备注：新件为全新件，无部件修工单
AC05-0405,工作令号:四日-2022-9-24 040283 3号车门故障,读取故障代码为DC8（内部继电器故障），更换040283车3号车门处一个从门控制器后，多次测试开关门功能正常。（日检一班）（备件由中车申通提供，坏件交由中车申通处理）（从门控制器 型号：PMC20-110R 厂商：IFE）（备件为返修件） 旧件序列号：ZE232638 0354（服：5485583） 新件序列号：ZE234743 0642（部：5033157）
04A02-0455,工作令号:四临-2022-10-8 02022-10-13 12:44 四号线南浦大桥站下行0455#车，司机至现场切除故障车门后动车。,回库后读取故障为DLS开关失效，检查发现043251车1号门处DLS开关卡滞，更换一个DLS开关并调整尺寸后，多次测试开关门功能正常。（日检一班）（备件由SATCO提供，坏件交由SATCO处理）（DLS开关（左） 型号：12.2307.7301 厂商：上海法维莱交通车辆设备有限公司）
04A02-0429,工作令号:四日-2022-10-29 041732车客室9号车门开、关门时有卡滞。,重新拆装041732车厢9号车门电机与丝杆连接处并清洁压轮后，多次开关门测试正常。（日检一班）
AC05-0427,工作令号:四日-2022-11-3 041621 司机室左侧侧门无法关闭,更换041621处一个司机室侧门锁板(左)后，多次测试开关门功能正常。（日检一班）（备件由中车申通提供，坏件交由中车申通处理）（司机室侧门锁板(左) 型号：MY600APL-21501 厂商：南京康尼机电股份有限公司）（备件为返修件）
AC05-0402,"工作令号:四日-2022-11-19 040121 4,10号车门故障",更换040121车4号车门、10号车门处共两个从门控制器后，多次测试开关门功能正常。（日检一班）（备件由中车申通提供，坏件交由中车申通处理）（从门控制器 厂商：IFE 型号：PMC20-110R）（备件为返修件） 4号车门 旧件序列号：ZE234743 0629（服：5550986） 新件序列号：ZE4530011325 1216（部：5150934） 10号车门 旧件序列号：ZE235293 0781（服：5550988） 新件序列号：ZE234874 0716（部：5000925）
AC05-0403,工作令号:四日-2022-11-19 040181 7号车门故障,更换040181车7号车门处一个从门控制器后，多次测试开关门功能正常。（日检一班）（备件由中车申通提供，坏件交由中车申通处理）（从门控制器 厂商：IFE 型号：PMC20-110R）（备件为返修件） 旧件序列号：ZE231826 XXXX（服：5551086） 新件序列号：ZE2300870013（部：5156932）
AC05-0427,工作令号:四临-2022-11-11 02022-11-30 05:46 四号线上海火车站站上行0427#车开门侧2-3号车门故障切除。,日检上车确认车门切除到位，回库后读取故障，故障代码：DC 1（车门驱动电机回路断线），调取录像发现故障现象为车门关闭后车门指示灯闪烁，更换041582车5号车门的一个从门控制器（LDCU）和一个传动电机后，多次开关门测试功能正常。（日检一班）（备件由中车申通提供，坏件交由中车申通处理）（从门控制器 厂商：IFE 型号：PMC20-110R）（传动电机 型号规格：N300406R24 生产厂商/品牌：IFE） 旧件：ZE4530011325 1234（服：5568181） 新件：ZE4530001298 0989（部：5200935） 现将041582车5门LDCU与041593车5门LDCU互换 041593车5门序列号为ZE4530001298 0989 041582车5门序列号为ZE4530011325 1218
AC05-0427,工作令号:四日-2022-11-30 041593 3号车门故障,更换041593车3号车门处一个从门控制器后，多次测试开关门功能正常。（日检一班）（备件由中车申通提供，坏件交由中车申通）（从门控制器 厂商：IFE 型号：PMC20-110R） 旧件：ZE4530011325 1214（服：5568133） 新件：ZE234743 0666（部：5568137）
AC05-0425,工作令号:四临-2022-12-2 02022-12-01 09:45 四号线延安西路站下行0425#车，第三节车厢开门侧5扇车门未开启,回库后读取故障无相关故障记录，调取录像为041483右侧车门未开启，测量041483车零速继电器81-K306（13/14，43/44）及允许右侧开门继电器81-K314（13/14）触点阻值均正常，更换041483车1门处一个主门控制器及一个零速继电器后，多次测试开关门功能正常。（日检一班）（备件由中车申通提供，坏件交由中车申通处理）（客室车门控制器(MDCU) 型号:MK7065 厂商:南京康尼机电股份有限公司）（继电器 型号:3RH2131-2KF40 厂商:西门子/SIEMENS）（备件为新件） 新件：312902003009560021A3001186 旧件：31290200300956002212200066（服：5569981） 备注：新件为全新件，无部件修工单 现将041483车2门与041473车2门MDCU互换 041473车2门：31290200300956002212200069 041483车2门：31290200300956002210701736
AC05-0411,工作令号:四临-2022-12-7 02022-12-08 08:42 四号线大连路站上行0411#车第三节车厢第五扇车门故障。,回库后读取故障无相关故障记录，调取录像为车门无法正常关闭，更换040633车9号门处一个传动电机后，多次测试开关门功能正常。（日检一班）（备件由中车申通提供，坏件交由中车申通处理）（传动电机 型号：N300406R24 厂商：IFE）（备件为返修件）
AC05-0403,工作令号:四日-2022-12-9 040131 4号车门故障,读取故障代码为DC6，调取录像为乘客冲门造成，回库后多次测试开关门功能正常。（日检一班）
AC05-0401,工作令号:四日-2022-12-13 040061 4门、6门故障,读取故障为锁到位限位开关故障，更换2个限位开关后，多次开关门正常。（日检四班）（备件由中车申通提供，坏件由中车申通处理）（备件名称：限位开关   型号：8HN400639P01   厂商：南京康尼机电股份有限公司）
AC05-0412,工作令号:四日-2022-12-18 040682 1号车门故障,读取故障记录，故障代码DC5（车门位置传感器故障），更换040682 车1号车门一个主门控制器（MDCU）和传动电机后多次开关门测试正常（日检二班）（门控器为新件）（传动电机为返修件）（主门控制器型号：MK7065 生产厂商：南京康尼机电股份有限公司）（传动电机型号：N300406R24 生产厂商：IFE） 主门控制器新件序列号：312902003009560021A3001196 旧件序列号：31290200300956002111500068（服：5606707） 备注：门控器为新件无部件修工单
AC05-0407,工作令号:四临-2022-12-11 02022-12-29 20:42 四号线延安西路站上行0407#车，上行右侧4-2车门故障,日检上车确认车门切除到位，回库后读取故障记录为开门障碍物检测故障，检查发现040403车7号门右门页下挡销位置有异物（石子），清除异物后，多次测试开关门功能正常。（日检一班）
AC05-0427,工作令号:四临-2023-1-5 2023-01-15 临平路站下行41091次0427#车司机报：列车下行TC车右侧第5扇车门故障，,日检上车确认车门切除到位，回库后读取故障代码为DC1（车门驱动电机的回路断线），更换041621车10车门一个从门控制器（LDCU）后，多次开关门测试正常。（日检四班）（备件名称：从门控制器（LDCU） 型号：PMC20-110R 厂商：IFE）（备件为返修件） 旧件序列号：ZE4530011325 1248（服：5635099） 新件序列号：ZE4530006741 1043（部：5635104） 现按技术要求10门门控器与8门门控器对换 8门序列号：ZE4530006741 1043 10门序列号：SN09120005
AC05-0403,工作令号:四临-2023-1-13 02023-01-29 13:13 四号线曹杨路站上行40590次0403#车司机报列车右侧司机室右侧门门把手断裂,日检上车确认为040181车司机室右侧侧门锁舌断裂，跟车保驾回库，回库后更换一个司机室侧门锁板（右）后正常，测试开关门功能正常。（日检一班）（备件由中车申通提供，坏件交由中车申通处理）（司机室侧门锁板(右) 型号：MY600APR-21501 厂商：南京康尼机电股份有限公司）（备件为返修件）
AC05-0408,工作令号:四日-2023-3-11 040431 9门车门故障,回库后读取故障记录为车门防夹功能触发，调取录像发现为乘客夹门所致，检查040431 9门车门机械结构均正常，多次开关门测试正常。（日检一班）
AC05-0407,工作令号:四日-2023-4-20 040421 司机室右侧侧门无法关闭,重新调整040421司机室右侧侧门锁舌间隙后正常。（日检一班）
04A02-0436,工作令号:四临-2023-5-1 02023-05-01 05:27 四号线塘桥站下行0436#车第一节车厢左侧第一扇车门故障切除,日检上车确认故障，回库后读取故故障为DLS开关不同步，更换042111车1号车门处一个DLS开关（关门到位限位开关）后，多次开关门测试正常。（日检一班）（备件由申通北车提供，坏件交由申通北车处理）（DLS开关（左）型号：12.2307.7301 厂商：上海法维莱交通车辆设备有限公司）
AC05-0408,工作令号:四日-2023-5-5 040481车司机室左侧侧门门锁松动,重新紧固040481车司机室左侧侧门门锁螺丝后正常。（日检一班）
AC05-0420,工作令号:四临-2023-5-13 02023-05-29 06:36 四号线宝山路站下行0420#车，下行17号车门故障，被切除。,"正线日检上车确认041183车7号车门切除到位，回库后读取故障代码为DC2（""车门关闭""限位开关故障），调取录像发现车门无法正常打开，更换041183车7号车门处一个限位开关后，多次测试开关门功能正常。（日检一班）（备件由中车申通提供，坏件交由中车申通处理）（限位开关 型号：8HN400639P01 厂商：南京康尼机电股份有限公司）（备件为返修件）"
AC05-0401,工作令号:四日-2023-6-2 040061 1、3号门紧急拉手挡板损坏,更换040061车1、3号车门处共2个紧急拉手盖板片后正常。（日检一班）（备件来源：物流仓库）（紧急拉手盖板片 型号：MZXII-41701 厂商：康尼）
AC05-0410,工作令号:四临-2023-6-19 02023-06-30 11:50 四号线浦电路站下行40291次0410#车，第三节车厢第二扇门故障，已切除。,日检上车确认车门切除到位，回库后读取故障无相关故障记录，下载录像发现车门无法正常关闭，更换040583车3号车门处一个客室车门控制器（LDCU）后，多次测试开关门功能正常。（日检一班）（备件由中车申通提供，坏件交由中车申通处理）（客室车门控制器（LDCU） 型号：MK7063 厂商：南京康尼机电股份有限公司）（备件为新件）（门控器版本号V1.2） 旧件序列号：312903003005590019A2800651（服：5943260） 新件序列号：312902003007680019A2800672（部：5187251）
AC05-0401,工作令号:四日-2023-7-1 040011 左侧司机室侧门门锁松动,重新紧固门锁紧固螺丝后，测试司机室侧门门锁功能正常。（日检一班）
AC05-0405,工作令号:四日-2023-7-8 040251 司机室右侧侧门门锁松动,重新紧固040251司机室右侧侧门门锁紧固件后正常。（日检一班）
AC05-0428,工作令号:四临-2022-8-1 02022-08-03 08:14 四号线浦电路站下行0428#车，面板显示非开门侧5-1车门故障,正线日检上车确认041642车9号车门切除到位，跟车保驾回库，回库后读取故障记录为车门通讯故障，更换041642车9号车门1个从门控制器后，多次开关门测试正常。（日检二班）（备件由中车申通质保提供，坏件由中车申通质保处理）（备件型号：PMC20-110R 生产厂商：IFE）（新件序列号：ZE4530011325 1235（部：4967692） 旧件序列号：ZE4530009661 1183（服：5399574）） 按技术要求将041642车9门和10门从门控制器互换，现041642车10门从门控器序列号：ZE4530011325 1235，041642车9门从门控器序列号：36591057 0001 工单内领用通用工业清洁布用于基地工器具6S管理使用。
AC05-0424,工作令号:四日-2022-8-4 041441车3门，4门，5门，6门，7门，8门，9门显示问号,回库更换041441车1号车门主门控制器（MDCU）后多次开关门测试正常（日检二班）（备件为新件）（备件由中车申通质保提供，坏件由中车申通质保处理）（备件型号：MK7065 生产厂商：南京康尼机电股份有限公司） 新件序列号：3108200024901820200565 旧件序列号：0508200024901150500013（服：5401329） 备注：新件为全新备件，无部件修工单号
AC05-0411,"工作令号:四临-2022-8-7 02022-08-08 18:52 四号线大连路站下行0411#车，开门侧1-3,1-4车门故障已切除。",列车直接回库，回库后上车确认040611车5号车门和7号车门切除到位，读取故障记录，040611车7号车门故障代码DC6（车门连续关闭的固定次数下，车门关闭次序中故障探测激活），下载040611车7号车门录像为车门关闭时防夹功能启动，040611车5号车门无相关故障代码，下载040611车5号车门录像为车门关闭后门控器死机，更换040611车7号车门和040611车5号车门从门控制器（LDCU）后多次开关门测试正常（日检二班）（备件为新件）（备件由中车申通质保提供，坏件由中车申通质保处理）（备件型号：MK7063 生产厂商：南京康尼机电股份有限公司） 040611车7号车门从门控制器新件序列号：312902003009570021A3001205 040611车7号车门从门控制器旧件序列号：312902003007680019A2800647（服：5408153） 040611车5号车门从门控制器新件序列号：312902003009570021A3001241 040611车5号车门从门控制器旧件序列号：312902003007680019A2800689（服：5408155） 备注：新件为质保提供全新备件，无部件修工单
AC05-0422,工作令号:四日-2022-9-9 041303车6号车门故障,更换041303车6号车门一个从门控制器后多次开关门测试正常（日检二班）（备件为返修件）（备件由中车申通质保提供，坏件由中车申通质保处理）（备件型号：PMC20-110R 生产厂商：IFE） 新件序列号：ZE4530016005 1332（部：5464090） 旧件序列号：ZE4530009661 1174（服：5464088）
AC05-0428,工作令号:四日-2022-9-10 041631车9号车门故障,读取故障记录，故障代码DC5，更换041631车9门一个从门控制器（LDCU）后多次开关门测试正常（日检二班）（备件为返修件）（备件由中车申通质保提供，坏件由中车申通质保处理）（备件型号：PMC20-110R 生产厂商：IFE） 新件序列号：ZE233482 0441 （部：5254207） 旧件序列号：ZE234874 0712（服：5464070）
AC05-0428,工作令号:四日-2022-10-10 041681车5号车门故障,读取故障记录，故障代码DC8（门控器内部继电器故障），更换041681车5号车门一个从门控制器（LDCU）后多次开关门测试正常（日检二班）（备件为返修件）（备件由中车申通质保提供，坏件由中车申通质保处理）（备件型号：PMC20-110R 生产厂商：IFE） 从门控制器新件序列号：ZE230087 0052（部：5227096） 旧件序列号：ZE234655 0596（服：5505042）
AC05-0426,工作令号:四临-2022-10-10 02022-10-19 19:35 四号线南浦大桥站上行0426#车，开门侧3-4车门故障，经司机现场切除后动车。,列车直接回库，回库后读取故障记录，故障代码DC5（车门位置传感器故障），DC7（连续车门打开尝试固定次数下，车门打开次序中电机电流监控），下载录像为车门未打开，更换041543车8号车门一个从门控制器（LDCU）和一个车门传动电机后多次开关门测试正常（日检二班）（备件由中车申通质保提供，坏件由中车申通质保处理）（从门控制器备件和传动电机备件为返修件）（从门控制器型号：MK7063 生产厂商：南京康尼机电股份有限公司）（传动电机型号：N300406R24 生产厂商：IFE） 从门控制器新件序列号：312902003007680019A2800689（部：5408155） 从门控制器旧件序列号：312902003009570021C1600184（服：5515159） 按技术要求将041543车8号车门与10号车门从门控制器互换，现041543车8号车门从门控制器序列号：312902003009570021C1600164 ，041543车10号车门从门控制器序列号：312902003007680019A2800689
AC05-0408,工作令号:四临-2022-11-9 02022-11-27 12:20 四号线虹桥路站下行0408#车，司机室右侧门锁故障。,正线日检上车确认040431司机室右侧侧门锁钩断裂，跟车保驾回库，回库后更换040431司机室侧门门锁(右)后多次开关门测试正常（日检二班）（备件为新件）（备件由中车申通质保提供，坏件由中车申通质保处理）（备件型号：MY600APR-21501  生产厂商：南京康尼机电股份有限公司）
AC05-0428,工作令号:四临-2022-12-9 02022-12-13 06:25 四号线南浦大桥站上行0428#车上行右侧15号车门故障切除。,正线日检上车确认041653车10号车门切除到位，跟车保驾回库，回库后读取故障记录无相关车门故障代码，下载录像为车门关闭后门控器死机，更换041653车10号车门一个从门控制器后多次开关门测试正常（日检二班）（从门控制器备件为返修件）（备件由中车申通质保提供，坏件由中车申通质保处理）（从门控制器型号：PMC20-110R 生产厂商：IFE）（新件序列号：ZE4530011325 1243（部：5199134） 旧件序列号：ZE230087 0140（服：5590620）） 预防性更换041653车10号车门一个车门传动电机后开关门多次测试正常（传动电机为返修件）（备件由中车申通质保提供，坏件由中车申通质保处理）（备件型号：N300406R24 生产厂商：IFE） 按技术要求将041653车10号车门与041653车8号车门从门控制器互换，现041653车8号车门从门控制器序列号ZE 4530011325 1243，041653车10号车门序列号：ZE234213 0579
AC05-0403,工作令号:四日-2022-12-23 040181车6号车门故障,读取故障记录，故障代码DC8，DC18，更换040181车6号车门一个从门控制器（LDCU）后多次开关门测试正常（日检四班）（备件为返修件）（备件由中车申通质保提供，坏件由中车申通质保处理）（备件型号：PMC20-110R 生产厂商：IFE） 新件序列号：ZE232521 0307（部：5605828） 旧件序列号：ZE233482 0445（服：5605826）
AC05-0428,工作令号:四日-2023-1-7 041681车3号车门与7号车门故障,故障代码DC1，更换041681车3号车门与7号车门从门控制器（LDCU）后多次开关门测试正常（日检二班）（备件为返修件）（备件由中车申通质保提供，坏件由中车申通质保处理）（备件型号：PMC20-110R 生产厂商：IFE） 041681车3号车门从门控制器新件序列号：ZE4530001298 0983（部：5622903） 旧件序列号：ZE235294 0863（服：5622862） 041681车7号车门从门控制器新件序列号：ZE231533 0215（部：5622906） 旧件序列号：ZE4530011325 1228（服：5622880）
AC05-0428,工作令号:四日-2023-1-15 041663车和041653车10号车门故障，故障代码DC1,更换041663车和041653车10号车门从门控制器（LDCU）后多次开关门测试正常（日检二班）（备件为返修件）（备件由中车申通质保提供，坏件由中车申通质保处理）（备件型号：PMC20-110R 生产厂商：IFE） 041663车从门控制器新件序列号：ZE4530011325 1234（部：5568181） 旧件序列号：ZE235294 0839（服：5635120） 041653车从门控制器新件序列号：ZE4530023969 1463（部：5635122） 旧件序列号：ZE234213 0579（服：5635121）
AC05-0402,工作令号:四日-2023-1-26 040112 3号车门故障,更换040112车3号车门一个从门控制器后多次开关门测试正常。（日检二班） 备件为返修件，备件由中车申通质保提供，坏件由中车申通质保处理。 备件型号规格：PMC20-110R 生产厂商：IFE 新件序列号：ZE233482 0440（部：5648682） 旧件序列号：ZE231533 0209（服：5648681）
AC05-0405,工作令号:四日-2023-2-7 040301 3号车门故障,读取故障无相关车门故障代码，更换040301车3号车门从门控制器后开关门测试正常（日检二班）（备件为返修件）（备件由中车申通质保提供， 坏件由中车申通质保处理）（备件型号：PMC20-110R 生产厂商：IFE） 新件序列号：ZE4530001298 0933（部：5667503） 旧件序列号：ZE4530001298 0940（服：5667501）
AC05-0412,工作令号:四临-2023-3-13 02023-03-15 08:56 四号线中山公园站上行出站0412#车，司机室左侧车门无法关闭。,正线日检上车确认为040721车司机室左侧侧门锁舌断裂，跟车保驾回库，回库后更换040721车一个司机室侧门锁板（左）后测试开关门功能正常。（日检二班）（备件由中车申通质保提供，坏件交由中车申通质保处理）（司机室侧门锁板(左) 型号：MY600APL-21501  生产 厂商：南京康尼机电股份有限公司）
04A02-0432,工作令号:四临-2023-5-11 02023-05-27 20:10 四号线塘桥站下行0432#车，下行方向第四节车厢第二扇车门故障。,正线日检上车确认041893车8号车门切除到位，跟车保驾回库，回库后读取ERM故障记录，故障代码8286（门8R锁闭失败），下载录像为车门无法关闭，检查发现为车门夹到异物（白色塑料盖子）导致车门无法锁闭到位，取出异物后，检查车门机构相关部件及尺寸均正常，多次开关门测试均正常。（日检二班）
AC05-0404,工作令号:四日-2023-5-31 040191车7门；040202车2门；040213车5门，10门；040223车3门，4门；040232车7门；040241车4门车门关闭限位开关（S1）卡滞,更换040191车7门；040202车2门；040213车5门，10门；040223车3门，4门；040232车7门；040241车4门共八个车门关闭限位开关后多次开关门测试正常（日检二班）（备件为新件）（备件由中车申通质保提供，坏件交由中车申通质保处理）（限位开关 型号：8HN400639P01 厂商：南京康尼机电股份有限公司）
AC05-0420,工作令号:四日-2023-6-3 041151车1、3、4、5、6、9、10门 041162车3、4、10门 041173车1、2、3、7、9门 041183车2、3、4、5、8、10门 041192车4、8、10门 041201车4、5、6门 按项目要求整改车门S1限位开关,按项目要求完成041151车1、3、4、5、6、9、10门，041162车3、4、10门，041173车1、2、3、7、9门，041183车2、3、4、5、8、10门，041192车4、8、10
AC05-0404,工作令号:四日-2023-6-3 040191车 1、2、3、4、5、6、8、10门；040202 车1、3、4、5、6、7、8、9、10门；040213 车1、2、3、4、6、7、8、9门；040223车 1、2、5、6、7、8、9、10门；040232车 1、2、3、4、5、6、8、9、10门；040241车 1、2、3、5、6、7、8、9、10门按项目要求整改车门S1限位开关,按项目要求完成040191车 1、2、3、4、5、6、8、10门；
04A02-0452,工作令号:四临-2023-6-10 02023-06-12 17:20 四号线蒲汇塘基地出入库线0452#车，左侧6-1车门故障切除,正线日检上车确认043121车10号车门切除到位，跟车保驾回库，回库读取ERM故障记录，无相关车门故障代码，检查车门相关部件尺寸正常，多次开关门测试均正常（日检二班）
AC05-0411,工作令号:四临-2022-9-6 2022-09-14 14:25 四号线上海火车站站下行0411#车，司机报下行方向开门侧第三节车厢第五扇车门故障，已切除,回库读取故障无相关故障记录，观看录像为乘客扒门造成车门打开后未关闭，检查车门各尺寸正常，车门防夹功能正常，多次开关门正常，（日检四班） 按技术要求现将7门门控器与9门门控器互换 7门门控器序列号 312902003007680019A2800639 9门门控器序列号 312902003007680019A2800636
AC05-0427,工作令号:四临-2022-9-11 02022-09-22 08:36 四号线宜山路站下行0427#车3-3车门故障切除,日检上车确认车门切除到位，跟车保驾回库，回库后读取故障记录无相关车门故障记录，调取录像为车门关闭后门灯闪烁，进一步检查为门控器故障，更换一个从门控制器（LDCU）后正常，多次开关门测试正常。（日检三班）（备件来源：中车申通）（备件为返修件）（型号：PMC20-110R 生产厂商：IFE）（新件序列号：ZE4530012822 1259（部：5481437） 旧件序列号：ZE4530011325 1238（服：5481436））
AC05-0427,工作令号:四临-2022-10-4 02022-10-05 17:02 杨树浦路站下行41091次0427#车开门侧4-4车门故障,日检上车确认车门切除到位，跟车保驾回库，回库后读取故障记录无车门相关故障，调取录像为列车到站开门时门控器死机导致无法正常开门，更换一个从门控制器（LDCU）后正常，多次开关门测试正常。（日检三班）（备件来源：中车申通）（备件为返修件）（型号：PMC20-110R 生产厂商：IFE）（新件序列号：ZE234213 0569 （部：5498145）  旧件序列号：ZE4530007782 1117（服：5498144））
04A02-0430,工作令号:四临-2022-10-14 02022-10-25 18:26 四号线浦东大道站上行0430#车，18:26 浦东大道上行42190次0430号司机报运行方向第三节车厢左侧第一扇门显示故障，至现场切除,回库后读取故障记录正常，调取录像进一步检查为门控器故障，更换一个主门控器（EDCU带MVB通讯）并刷新车门软件后正常，多次开关门测试正常。（日检三班）（备件来源：申通长客）（备件为新件）（型号：FT0036502-001 生产厂商：上海法维莱交通车辆设备有限公司）（旧件序列号：20209/1429（服：5520453） 新件序列号：20576/1611） 备注：新件为全新件
AC05-0428,工作令号:四临-2022-11-7 2022-11-17 10:45 四号线宜山路站上行0428#车，上行第二节第二扇车门显示红色故障。,回库读取故障记录为DC5（车门位置传感器故障）和DC1（车门驱动电机回路断线），更换041642车3号车门处一个从门控制器和一个传动电机后，多次测试开关门功能正常。（日检四班）（备件由中车申通提供，坏件交由中车申通处理）（备件名称：从门控制器 厂商：IFE 型号：PMC20-110R）（备件名称：传动电机 型号规格：N300406R24 生产厂商/品牌：IFE）（备件为返修件） 旧件：ZE235293 0813（服：5546342） 新件：ZE201017998 0913（部：5546345）
AC05-0424,工作令号:四日-2022-12-8 041391车1号车门，车辆智能运维平台IOR报车门故障。,虹桥路值守点确认故障自行消失，查看列车实时监控，开关门正常，询问司机车况正常，回库读取故障记录正常，多次开关门试验正常。（日检三班）
AC05-0403,工作令号:四临-2023-1-7 02023-01-24 08:00 四号线虹桥路站下行0403#车，下行端左侧第二节车第五扇车门显示红色故障。,日检上车确认040142车5号车门切除到位，跟车保驾回库，回库后读取故障记录为DC4（3秒钟内车门不解锁）、DC8（DCU内部安全继电器故障）、DC18（DCU中的输出端A7短路），调取录像发现车门未能正常开启，确认为门控器死机导致车门未开启，检查限位开关及传动机构均正常，更换040142车5号车门处1个从门控制器（LDCU）后，多次开关门测试正常。（日检三班）（备件名称：从门控制器（LDCU） 型号：PMC20-110R 厂商：IFE）（备件由中车申通提供，备件为返修件）（旧件号：ZE230087 0132（服：5647745） 新件号：ZE230087 0140（部：5590620））
AC05-0423,工作令号:四临-2023-1-11 02023-01-28 13:16 四号线延安西路站上行0423#车，司机报上行司机室右侧司机室门关不上,日检上车确认为041381车司机室右侧侧门锁钩断裂，跟车保驾回库，回库后更换一个司机室侧门锁钩后正常，测试开关门功能正常。（日检三班）（备件来源：中车申通）（型号：MY600AP-21309  生产厂商：南京康尼机电股份有限公司）
AC05-0427,工作令号:四临-2023-1-12 02023-01-28 13:17 四号线宜山路站上行0427#车，司机报上行方向右侧第四节车厢第二扇车门故障,日检上车确认041612车8门切除到位，跟车保驾回库，回库后读取故障无相关车门故障代码，下载录像为车门关闭后门控器死机，更换041612车8号车门一个从门控制器后多次开关门测试正常.（日检三班）（备件由中车申通提供，备件为返修件）（型号：PMC20-110R 厂商：IFE） 旧件号：ZE4530011325 1209（服：5650870） 新件号：ZE232521 0333（部：5650872）
AC05-0424,工作令号:四临-2023-2-7 02023-02-17 08:51 四号线中潭路站上行0424#车右侧4-5车门故障切除。,日检上车确认车门切除到位，跟车保驾回库，回库后读取故障记录为DC43（门锁闭装置故障），检查车门锁闭装置，车门传动装置，限位开关均正常，进一步检查为门控器故障，更换一个041413车1号车门主门控制器（MDCU）后正常，多次开关门试验正常。（日检三班）（厂商：南京康尼机电股份有限公司 型号：MK7065）（备件来源：中车申通）（备件为返修件） （旧件：0508200024901150500009（服：5687050） 新件：0508200024901232900010（部：5348572））
AC05-0414,工作令号:四日-2023-2-17 040802车4门，6门，8门，10门无法打开,回库检查相关接线均正常，检查040802车2门至4门零速接线导通良好，按技术要求预防性更换2号门主门控器，更换后正常，开关门测试均正常。（日检三班）（备件来源：中车申通）（型号：MK7065 生产厂商：南京康尼机电股份有限公司 ） （旧件：31290200300956002192900139 （服：5687004） 新件：31290200300769002082000562） 备注：新件为全新件，无部件修工单
AC05-0403,工作令号:四日-2023-2-26 040131车7号车门正线报车门故障,回库调取录像确认为乘客扒门导致车门触发防夹功能，回库检查HMI无车门故障，车门相关尺寸均正常，多次开关门测试正常。（日检三班）
AC05-0412,工作令号:四临-2023-3-2 02023-03-02 19:00 19:00 杨树浦路站上行40590次0412#车司机报：列车关门时，车站站台门与列车车门不联动需司机手动关闭站台门,回库读取故障记录无相关车门故障，检查与通号设备开门与关门信号传输均正常，列车开关门正常，车况正常。（日检三班）
AC05-0420,工作令号:四临-2023-3-15 02023-03-21 08:22 四号线杨树浦路站上行0420#车，司机报左侧第五节车厢第二扇车门故障,"回库读取故障代码为DC2（""车门关闭""限位开关故障），更换一个限位开关后多次开关门正常，列车正常。（日检三班）（备件来源：中车申通）（型号：8HN400639P01 生产厂商：南京康尼机电股份有限公司）"
AC05-0409,工作令号:四临-2023-4-10 02023-04-11 19:20 虹桥路站下行进站42091次0409#车司机报：列车左侧司机室车门无法关闭,日检上车确认故障，跟车保驾回库，回库后检查为040541车左侧司机室侧门锁舌断裂，更换一个司机室左侧门锁后正常，测试功能正常。（日检三班）（备件名称：司机室左侧门锁    型号：MY600APL-21000   厂商：南京康尼机电股份有限公司）（备件来源：中车申通，备件为新件）
AC05-0417,工作令号:四临-2023-5-1 02023-05-01 20:57 四号线浦东大道站上行0417#车，上行端司机室左侧司机室门关不上。,日检上车确认041021车司机室左侧车门锁舌断裂，无法关闭，跟车保驾回库，回库后更换一个司机室左侧门锁后正常，测试功能均正常。（日检三班）（备件来源：中车申通）（型号：MY600APL-21000 生产厂商：南京康尼机电股份有限公司）
AC05-0420,工作令号:四临-2023-5-3 02023-05-05 17:24 宝山路站下行43291次0420#车司机报：列车车门1-4车门故障（显示红色）,"日检上车确认041151车8号车门切除到位，跟车保驾回库，回库后读取故障代码为DC2（""车门关闭""限位开关故障），更换一个限位开关后多次开关门正常，列车正常。（日检三班）（备件来源：中车申通）（型号：8HN400639P01 生产厂商：南京康尼机电股份有限公司）"
AC05-0410,工作令号:四临-2023-5-10 02023-05-25 17:49 镇坪路站上行42790次0410#车司机报：列车司机室车门无法关闭。,日检上车确认为040601车司机室右侧车门锁钩断裂，跟车保驾回库，回库后更换一个司机室侧门锁钩后正常。（日检三班）（备件来源：中车申通）（型号：MY600AP-21309 生产厂商：南京康尼机电股份有限公司）
AC05-0420,工作令号:四日-2023-5-29 041151车1号2号3号7号8号9号10号车门，041162车1号2号3号5号6号7号9号车门，041173车1号6号9号车门，041183车5号6号8号10号车门，041192车1号2号5号6号7号9号车门，041201车2号7号车门限位开关故障。,更换041151车1号2号3号7号8号9号10号车门，041162车1号2号3号5号6号7号9号车门，041173车1号6号9号车门，041183车5号6号8号10号车门，041192车1号2号5号6号7号9号车门，041201车2号7号车门共计29个限位开关总成后正常。（日检三班）（备件来源：中车申通）（型号：8HN400639P01 生产厂商：南京康尼机电股份有限公司）
04A02-0452,工作令号:四日-2023-6-13 043121车10#车门正线切除,按技术要求预防性更换10#门从门控器，多次开关门测试均正常。（日检三班）（备件来源：申通长客）（名称： EDCU(无MVB) 型号：FT0036501-001 生产厂商：上海法维莱交通车辆设备有限公司 ） （043121车10门DCU与043112车10门DCU进行互换） 现043121车10门：22280/1648 现043112车10门：22451/1649
AC05-0411,工作令号:四临-2023-7-3 02023-07-12 17:32 17:32 宜山路站4站下行40891次0411#车司机报：列车2-2车门故障,日检上车确认车门切除到位，跟车保驾回库，回库后读取门控器故障记录代码为14：电机PDPINT保护事件（检测到电机电流过大，且触发电机保护），更换040652车3号车门一个传动电机后正常，开关门多次测试正常。（日检三班）（备件来源：中车申通）（备件为返修件）（型号：N300406R24 生产厂商：IFE）按技术要求040652车3号车门与040661车3号车门门控器互换。 现040652车3号车门序列号：312902003007680020B2000549 现040661车3号车门序列号：312902003007680020B2000550
AC05-0428,工作令号:四临-2023-7-6 02023-07-16 20:20 四号线上海体育馆站上行出站0428#车，列车上行端左侧司机室车门无法关闭。,日检上车确认故障，跟车保驾回库，回库检查为041631车左侧司机室车门锁扣位置偏移，重新调整锁扣位置后开关多次正常，锁闭功能正常。（日检三班）
04A02-0429,工作令号:四临-2023-7-17 02023-07-28 06:02 四号线上海体育馆站下行0429#车车门故障。,列车回库后，检修人员检查确认TC1车（041691）继电器指示灯模块内部烧灼短路，引起列车车门关闭回路短路，造成041741车司机室设备柜中81-F01（车门控制电源）空开跳开，最终导致列车清客。检修人员更换TC1车（041691）继电器指示灯模块后，列车恢复正常，多次开关门正常，列车正常。（日检一班）（备件由申通长客提供，坏件交由申通长客处理）（备件暂无物资编码，待技术编写物资编码后补齐）（2023年7月28日7:00-2023年7月29日23:00扣车原因：待进一步检查）（此备件为0452#拆车件）
AC05-0428,工作令号:四临-2023-7-19 02023-07-31 09:26 四号线海伦路站上行0428#车，列车上行端左侧司机室车门无法关闭。,日检上车确认041681车左侧司机室侧门锁钩断裂，跟车保驾回库，回库后更换041681车一个左侧司机室侧门锁钩后正常。（日检三班）（名称：司机室侧门锁板(左）   型号：MY600APL-21501   厂商：南京康尼机电股份有限公司）（备件为新件）（备件由中车申通质保提供，坏件由中车申通质保处理）
AC05-0413,工作令号:四日-2022-9-6 040731车6门故障,读取故障记录为DC8（DCU内部安全继电器故障），更换1个从门控制器后，多次开关门正常。（日检四班）（备件由中车申通提供，坏件交由中车申通处理）（备件为返修件）（备件名称：从门控制器 厂商：IFE 型号：PMC20-110R） 旧件序列号：ZE4530014406 1320（服：5454813） 新件序列号：ZE4530011325 1230（部：5247851）
AC05-0411,工作令号:四临-2022-9-15 2022-09-29 14:03 四号线上海火车站站上行0411#车左侧3-5车门故障切除。,日检上车确认车门切除到位，回库读取故障无相关故障记录，观看录像显示乘客冲门导致车门无法关闭，测量车门各尺寸正常，测试车门防夹功能正常，多次开关门测试正常。（日检四班） 按技术要求现将040633车9门与040622车9门门控器对换 040633车9门门控器序列号：312902003007680019A2800663 040622车9门门控器序列号：312902003007680019A2800662
AC05-0402,工作令号:四临-2022-10-17 2022-10-31 08:14 四号线世纪大道站下行0402#车第一节左侧第三扇车门故障切除。,日检上车确认车门切除到位，回库读取故障无相关故障代码，观看录像为大客流造成车门防夹无法关闭，检查车门各尺寸均正常，多次开关门测试正常。（日检四班）（备件由中车申通提供，坏件由中车申通处理）（备件名称：从门控制器（LDCU） 型号：PMC20-110R 厂商：IFE） 预防性更换040121车5门从门控器。 新件：ZE4530007782 1147（部：5384697） 旧件：ZE234655 0625（服：5527201） 按技术要求现将3门门控器与5门门控器对换。 3门门控器：ZE4530007782 1147 5门门控器：ZE231826 0256
AC05-0427,工作令号:四日-2022-11-2 041612车4门故障,更换一个从门控器后，多次开关门正常。（日检四班）（备件由中车申通提供，坏件由中车申通处理）（备件名称：从门控制器（LDCU） 型号：PMC20-110R 厂商：IFE） 新件：ZE4530011325 1227（部：5375951） 旧件：ZE4530011325 1213（服：5528244）
AC05-0410,工作令号:四临-2022-12-3 2022-12-02 09:14 四号线临平路站下行0410#车，开门侧3-4车门故障，司机至现场切除后动车。,日检上车确认车门切除到位，回库后读取故障，故障代码：DC 1（车门驱动电机回路断线），调取录像发现故障现象为车门关闭后车门指示灯闪烁，更换040573车8号车门的一个从门控制器（LDCU）和一个传动电机后，多次开关门测试功能正常。（日检四班）（备件由中车申通提供，坏件交由中车申通处理）（备件名称：从门控制器 厂商：IFE 型号：PMC20-110R）（备件名称：传动电机 型号规格：N300406R24 生产厂商/品牌：IFE）（备件为返修件） 旧件：ZE4530021027 1372（服|：5575195） 新件：ZE4530011325 1213（部：5528244） 按技术要求现将040573车8门LDCU与10门LDCU互换 040573车8门序列号为ZE235160 0732 040573车10门序列号为ZE4530011325 1213
AC05-0410,工作令号:四日-2022-12-2 040562车10门故障,更换一个LDCU和传动电机后，多次开关门测试正常。（日检四班）（备件由中车申通提供，坏件交由中车申通处理）（备件名称：从门控制器 厂商：IFE 型号：PMC20-110R）（备件名称：传动电机 型号规格：N300406R24 生产厂商/品牌：IFE）（备件为返修件） 旧件：ZE230087 0119（服：5575014） 新件：ZE4530001298 0963（部：5575025）
AC05-0415,工作令号:四临-2022-12-8 2022-12-11 20:18 四号线西藏南路站上行0415#车，列车开门侧1/4车门故障切除,日检上车确认车门切除到位，回库读取故障记录为开门障碍物检测，导致车门未打开，检查车门各尺寸正常，多次开关门正常。（日检四班）
AC05-0410,工作令号:四日-2022-12-18 040551车4门故障,更换一个从门控制器（LDCU）后，多次开关门正常。（日检四班）（备件由中车申通提供，坏件由中车申通提供）（备件名称：从门控制器（LDCU） 型号：PMC20-110R 厂商：IFE） 新件：ZE234213 0548（部：5443927） 旧件：ZE235293 0779（服：5605804）
AC05-0411,工作令号:四临-2023-1-10 2023-01-27 16:15 四号线临平路站0411#车，开门侧24号门故障。,日检上车确认车门切除到位，回库读取故障无相关故障代码，观看录像为夹到异物导致车门无法关闭，检查车门各尺寸正常，多次开关门测试正常。（日检四班） 按技术要求预防性更换040622车4门从门控制器（LDCU）后多次开关门测试正常（备件为返修件）（备件由中车申通质保提供，坏件由中车申通质保处理）（备件型号：MK7063 生产厂商：南京康尼机电股份有限公司） 新件序列号：31290200300957002192900188（部：5381004） 旧件序列号：312903003005590019A2800651（服：5649574）
04A02-0432,工作令号:四临-2023-2-6 2023-02-16 08:40 四号线宝山路站上行0432#车，列车2-5车门故障切除,日检上车确认车门切除到位，回库后读取故障记录为车门意外解锁，下载录像为大客流乘客冲门引起车门无法正常关闭，检查车门机构相关部件及尺寸均正常，复位后多次开关门测试均正常。（日检四班） 按技术要求预防性更换041882车10门DLS限位开关。（备件由申通长客提供，坏件由申通长客处理）（备件名称：DLS开关（右） 型号：12.2307.7302 厂商：上海法维莱交通车辆设备有限公司）
04A02-0434,工作令号:四临-2023-2-9 2023-02-21 18:23 四号线海伦路站上行41290次0434#车上行方向左侧第5节第4扇车门故障，司机至现场切除后动车司机至现场切除后动车,日检上车确认车门切除到位，回库读取故障记录为门4R开门障碍物探测，检查发现4门左门页外侧底部与导轨间被一颗小石子卡死，导致车门无法关闭，处理后多次开关门正常。（日检四班）
AC05-0423,工作令号:四临-2023-2-10 2023-02-25 12:05 四号线曹杨路站下行0423#车，右侧司机室车门无法打开。,日检上车确认041331车右侧司机室侧门开关正常，回库检查侧门各机构均正常，多次开关门正常。（日检四班）
04A02-0432,工作令号:四临-2023-4-6 2023-04-06 18:34 四号线上海体育场站上行0432#车上行左侧第二节第5扇车门故障切除。,日检上车确认车门切除到位，回库后读取故障记录为车门意外解锁，检查发现为车门夹到异物（塑料环扣）导致车门无法关闭到位，检查车门机构相关部件及尺寸均正常，复位后多次开关门测试均正常。（日检四班）
04A02-0432,工作令号:四日-2023-4-6 041882车9门故障,预防性更换041882车9门一个DLS限位开关后，多次开关门正常。（日检四班）（备件由申通长客提供，坏件由申通长客处理）（备件名称：DLS开关（左）   型号：12.2307.7301   厂商：上海法维莱交通车辆设备有限公司）
AC05-0409,工作令号:四日-2023-5-8 040541车司机室左侧侧门门把手松,紧固040541车司机室左侧侧门门把手螺丝后正常。（日检四班）
AC05-0410,工作令号:四临-2023-5-7 2023-05-11 13:54 四号线中潭路站下行0410#车，车门故障切除,正线日检上车确认040562车6门切除到位，跟车保驾回库，回库后读取故障记录，故障代码DC5（车门位置传感器故障），更换040562车6门一个传动电机后多次开关门测试正常（日检二班）（备件为返修件）（备件由中车申通质保提供，坏件由中车申通质保处理）（备件型号：N300406R24 生产厂商：IFE） 按技术要求将040562车6号车门与4号车门从门控制器（LDCU）互换，现040562车6号车门从门控制器（LDCU）序列号：312902003009570022B2902443 ，040562车4号车门从门控制器（LDCU）序列号：312902003009570022B2902433
AC05-0408,工作令号:四日-2023-5-16 040431车客室2门内侧红色指示灯不亮,更换040431车2门上一个客室内门指示灯（红）后正常。（日检四班）（备件名称：客室内门指示灯红   型号：70078190 / 2JA998.537-011  ）（备件来源：物流仓库领取）
AC05-0404,工作令号:四临-2023-5-16 2023-05-31 14:21 宜山路站4上行40590次0404号车司机报：列车上行第一节车厢左侧第五扇车门打不开；行调令其至现场处理,"正线日检上车确认040191车9号车门切除到位，跟车保驾回库，回库后读取故障记录，故障代码为DC2（""车门关闭""限位开关故障），下载录像发现车门无法正常打开，更换040191车9号车门一个车门关闭限位开关（S1）后，多次开关门测试功能正常。（日检二班）（备件为新件）（备件由中车申通质保提供，坏件交由中车申通质保处理）（S1限位开关 型号：8HN400639P01 厂商：南京康尼机电股份有限公司）"
AC05-0413,工作令号:蒲均-2022-8-10 040772车3B、5B车门外墙指示灯灯罩开裂,更换两个灯罩后正常。（检修一班）（备件来源：物流仓库领取） （型号：4BY-S0511RDZ 厂商：柏宜照明）
AC05-0413,工作令号:蒲均-2022-8-10 040763车7C车门外墙指示灯不亮,更换一个车门外墙指示灯总成后正常（检修一班） （备件来源：物流仓库领取）（型号：BY-DT12014 厂商：上海珀宜照明电子有限公司）
04A02-0429,工作令号:蒲均-2022-9-35 041713车客室9门蜂鸣器缺失。,重新安装041713车客室9门蜂鸣器后测试功能正常。（日检一班）（备件名称：蜂鸣器 型号：12.2320.0260 厂商：上海法维莱交通车辆设备有限公司）（备件由申通北车质保提供）（扣修原因：待质保提供备件） 备注：实际开始时间应为2022/9/10 11:00:00
AC05-0404,工作令号:四日-2022-9-30 040241车客室3#车门红色内指示灯不亮。,更换一个客室内门指示灯后正常。 （备件名称：客室内门指示灯红 型号规格：70078190/2JA998.537-011） （备件来源：物流仓库领取） （检修一班） 工单内按要求重新下发RSYJ域备件：客室内门指示灯红1个。
AC05-0413,工作令号:蒲均-2022-10-9 040731车客室3#、9#、10#车门；040753车客室5#、7#车门，外墙指示灯灯罩有裂纹。,更换五个外墙指示灯罩后正常。 （备件名称：车门外墙指示灯灯罩 型号规格：4BY-S0511RDZ 生产厂商：柏宜照明） （备件来源：物流仓库领取） （检修一班）
AC05-0413,工作令号:蒲均-2022-10-9 040742车客室2#、3#、5#车门处；040753车3#、9#、10#车门处；040781车1#、5#、6#、9#车门处，紧急拉手盖板片损坏。,更换十片紧急拉手盖板片后正常。 （备件名称：紧急拉手盖板片 型号规格：MZXII-41701 生产厂商：康尼） （备件来源：物流仓库领取） （检修一班）
04A02-0431,工作令号:蒲均-2022-10-35 041843车8C车门切除装置卡死,重新调整041843车8C车门切除锁舌位置后正常。（检修一班）
04A02-0430,工作令号:蒲均-2022-11-31 041751车客室10#车门、041792车客室1#车门，开关门止档破损。,更换2个橡胶止挡后正常。（日检四班）（备件由申通长客提供，坏件由申通长客处理）（备件名称：橡胶止挡   型号：12.2323.8802   厂商：上海法维莱交通车辆设备有限公司）
AC05-0412,工作令号:蒲均-2022-11-19 040671车客室1#、2#车门处；040693车客室7#车门处；040721车客室1#、3#车门处，客室车门外墙指示灯灯罩开裂。,更换五块车门外墙指示灯灯罩后正常。 （备件名称：车门外墙指示灯灯罩 型号规格：4BY-S0511RDZ 生产厂商：柏宜照明） （备件来源：物流仓库领取） （检修一班）
04A02-0431,工作令号:蒲均-2022-11-35 041811车客室4#车门；041833车客室6#、8#车门，客室车门盖板气弹簧功能失效。,更换三根车门盖板气弹簧后正常。 （备件名称：气弹簧 型号规格：YQ6-30-130-100N 生产厂商：北京正和工贸有限公司） （备件来源：申通北车质保提供） （检修一班）
AC05-0405,工作令号:蒲均-2023-1-3 040262车客室1#车门处；040273车客室7#车门外墙指示灯灯罩开裂,更换两块车门外墙指示灯灯罩后正常。（检修一班）
AC05-0403,工作令号:蒲均-2023-1-4 040163车客室8#车门外墙指示灯不亮。,更换一件车门外墙指示灯总成后正常。 （备件名称：车门外墙指示灯总成 型号规格：BY-DT12014 生产厂商：上海珀宜照明电子有限公司） （备件来源：物流仓库领取） （检修一班）
AC05-0403,工作令号:蒲均-2023-1-4 040172车客室8#车门；040181车客室9#车门，紧急拉手盖板片开裂。,更换两块紧急拉手盖板片后正常。 （备件名称：紧急拉手盖板片 型号规格：MZXII-41701 生产厂商：康尼） （备件来源：物流仓库领取） （检修一班）
AC05-0403,工作令号:蒲均-2023-1-4 040172车客室6#车门压轮擦碰门页。,调整压轮与门页间隙位置后恢复正常。（检修一班）
AC05-0401,工作令号:蒲均-2023-1-9 040011车客室4#、6#车门压轮擦碰门页。,调整040011车客室4#、6#车门压轮位置后恢复正常。（检修一班）
AC05-0408,工作令号:蒲均-2023-1-13 040463车客室8#车门；040472车客室7#车门外墙指示灯灯罩开裂。,更换两个车门外墙指示灯灯罩后正常。 （备件名称：车门外墙指示灯灯罩 型号规格：4BY-S0511RDZ 生产厂商：柏宜照明） （备件来源：物流仓库领取） （检修一班）
AC05-0409,工作令号:蒲均-2023-1-15 040541车客室10#车门下导轨松动。,重新调整位置紧固后恢复正常。（检修一班）
04A02-0452,工作令号:蒲均-2023-1-31 043121车司机室左侧侧门无法锁闭。,重新紧固门锁松动螺栓后恢复正常。（检修一班）
AC05-0411,工作令号：蒲均-2023-1-16 040661车司机室左侧车门关闭时门锁有间隙。,调整侧门门锁位置后恢复正常。（检修一班）
AC05-0403,工作令号:蒲均-2023-2-4 040181车司机室右侧侧门门锁钥匙无法转动。,更换一根司机室侧门锁板后正常。 （备件名称：司机室侧门锁板(右) 型号规格：MY600APR-21501 生产厂商：南京康尼机电股份有限公司） （备件来源：中车申通质保提供） （检修一班）
04A02-0431,工作令号:蒲均-2023-2-33 041833车1门门盖板止档松动,调整041833车门止档后车门盖板正常。（检修一班）
04A02-0432,工作令号:蒲均-2023-3-23 041921车司机室通道门门把手松动,重新紧固041921车司机室通道门门把手后正常。（检修一班）
AC05-0405,工作令号:蒲均-2023-3-3 040292车客室5#车门左侧压轮碰擦车门门页。,调整040292车客室5#车门左侧压轮与车门门页间隙后恢复正常。（检修一班）
AC05-0403,工作令号:蒲均-2023-3-4 040142车客室9#车门左侧压轮碰擦车门门页。,调整040142车客室9#车门左侧压轮与车门门页间隙后恢复正常。（检修一班）
AC05-0403,工作令号:蒲均-2023-3-4 040181车司机室右侧侧门关门有间隙。,调整040181车司机室右侧侧门锁挡后正常。（检修一班）
AC05-0413,工作令号:蒲均-2023-3-5 040781车客室1#车门左侧门页定位销与门槽两侧碰擦。,调整040781车客室1#车门左侧门页定位销位置后正常。（检修一班）
AC05-0413,工作令号:蒲均-2023-3-5 040731车司机室左侧车门门锁卡滞。,调整040731车司机室左侧车门门锁锁挡位置后恢复正常。（检修一班）
AC05-0401,工作令号:蒲均-2023-3-6 040011车客室3#车门；040022车客室3#、7#车门；040052车客室8#车门‘客室车门下导轨松动。,紧固040011车客室3#车门、040022车客室3#、7#车门、040052车客室8#车门门页下导轨后恢复正常。（检修一班）
04A02-0454,工作令号:蒲均-2023-3-26 043191车客室9#车门盖板固定螺栓色标偏移。,检查复测043191车客室9#车门盖板固定螺栓后，补上新色标后正常。（检修一班）
04A02-0454,工作令号:蒲均-2023-3-26 043191车客室10#车门内侧指示灯接线松动。,紧固043191车客室10#车门内侧指示灯接插件后正常。（检修一班）
AC05-0414,工作令号:蒲均-2023-3-9 040841车通道门锁舌无法旋转到位。,调整040841车通道门门锁机构后恢复正常。（检修一班）
AC05-0414,工作令号:蒲均-2023-3-9 040791车2#车门和040823车6#车门下导轨松动。,紧固040791车2#车门和040823车6#车门下导轨螺栓后恢复正常。（检修一班）
AC05-0414,工作令号:蒲均-2023-3-9 040841车3#、5#、7#车门和040813车5#车门皮带轮皮带松。,调整040841车3#、5#、7#车门和040813车5#车门皮带轮位置后恢复正常。（检修一班）
AC05-0408,工作令号:蒲均-2023-3-12 040431车客室2#车门紧急开门拉手盖板片开裂失效。,更换一个客室车门紧急拉手盖板片后恢复正常。 （备件名称：紧急拉手盖板片 型号规格：MZXII-41701 生产厂商：康尼） （备件来源：物流仓库领取） （检修一班）
04A02-0430,工作令号:蒲均-2023-3-28 041801车客室6#车门紧急解锁装置限位开关定位销松动。,紧固041801车客室6#车门紧急解锁装置限位开关定位销后恢复正常。（检修一班）
AC05-0411,工作令号:蒲均-2023-3-15 040622车6#车门紧急拉手盖板片缺失。,补上一块紧急拉手盖板片后恢复正常。 （备件名称：紧急拉手盖板片 型号规格：MZXII-41701 生产厂商：康尼） （备件来源：物流仓库领取） （检修一班）
AC05-0412,工作令号:蒲均-2023-3-16 040703车客室8#车门与040712车客室6#车门紧急拉手盖板片断裂。,更换两块紧急拉手盖板片后正常。 （备件名称：紧急拉手盖板片 型号规格：MZXII-41701 生产厂商：康尼） （备件来源：物流仓库领取） （检修一班）
04A02-0452,工作令号:蒲均-2023-3-31 043071车客室9#车门右侧门页外侧与止档垫碰擦。,调整043071车客室9#车门右侧门页与止档垫间隙后恢复正常。（检修一班）
AC05-0403,工作令号:四日-2023-3-31 040181车司机室左侧侧门手柄松动。,重新紧固040181车司机室左侧侧门手柄固定螺丝后正常。（日检一班）
AC05-0405,工作令号:蒲均-2023-4-3 040273车客室6#车门紧急拉手盖板片开裂。,更换一块紧急拉手盖板片后恢复正常。 （备件名称：紧急拉手盖板片 型号规格：MZXII-41701 生产厂商：康尼） （备件来源：物流仓库领取） （检修一班）
AC05-0403,工作令号:蒲均-2023-4-4 040172车客室6#车门紧急拉手盖板片开裂。,更换一块紧急拉手盖板片后恢复正常。 （备件名称：紧急拉手盖板片 型号规格：MZXII-41701 生产厂商：康尼） （备件来源：物流仓库领取） （检修一班）
AC05-0403,工作令号:蒲均-2023-4-4 040153车客室3#车门电源开关松动。,紧固040153车客室3#车门电源开关螺母后恢复正常。（检修一班）
AC05-0403,工作令号:蒲均-2023-4-4 040172车客室1#车门右侧上导轨前端断开。,更换040172车客室1#车门右侧上导轨后恢复正常。 （备件名称：上导轨（镀锌） 型号规格：T203156R29 生产厂商：南京康尼机电股份有限公司） （备件来源：中车申通质保提供） （检修一班）
AC05-0413,工作令号:蒲均-2023-4-7 040731车客室7#车门紧急拉手盖板开裂。,更换一块紧急拉手盖板片后恢复正常。 （备件名称：紧急拉手盖板片 型号规格：MZXII-41701 生产厂商：康尼） （备件来源：物流仓库领取） （检修一班）
AC05-0413,工作令号:蒲均-2023-4-7 040742车客室9#车门内指示灯不亮。,紧固040742车客室9#车门内指示灯电源线接插件后恢复正常。（检修一班）
AC05-0401,工作令号:蒲均-2023-4-8 040011车客室7#车门紧急拉手盖板片开裂。,更换一块紧急拉手盖板片后正常。 （备件名称：紧急拉手盖板片 型号规格：MZXII-41701 生产厂商：康尼） （备件来源：物流仓库领取） （检修一班） 工单内领用料箱用于蒲汇塘基地中间仓库6S管理
AC05-0414,工作令号:蒲均-2023-4-11 040802车客室2#、4#车门紧急拉手盖板片缺失。,更换两块紧急拉手盖板片后恢复正常。 （备件名称：紧急拉手盖板片 型号规格：MZXII-41701 生产厂商：康尼） （备件来源：物流仓库领取） （检修一班）
AC05-0408,工作令号:蒲均-2023-4-12 040481车客室9#车门紧急拉手盖板缺失。,补上一块紧急拉手盖板片后恢复正常。 （备件名称：紧急拉手盖板片 型号规格：MZXII-41701 生产厂商：康尼） （备件来源：物流仓库领取） （检修一班）
AC05-0408,工作令号:蒲均-2023-4-12 040442车客室2#车门内指示灯不亮。,紧固040442车客室2#车门内指示灯电线接插件后恢复正常。（检修一班）
AC05-0409,工作令号:蒲均-2023-4-14 040532车客室8#车门内侧指示灯不亮。,紧固040532车客室8#车门内侧指示灯电源线接插件后恢复正常。（检修一班）
04A02-0430,工作令号:蒲均-2023-4-28 041801车客室8#车门盖板气弹簧失效。,更换两个气弹簧后恢复正常。 （备件名称：气弹簧 型号规格：YQ6-30-130-100N 生产厂商：北京正和工贸有限公司） （备件来源：申通长客质保提供） （检修一班）
AC05-0411,工作令号:蒲均-2023-4-17 040633车客室5#车门紧急拉手盖板开裂。,更换一块紧急拉手盖板片后恢复正常。 （备件名称：紧急拉手盖板片 型号规格：MZXII-41701 生产厂商：康尼） （备件来源：物流仓库领取） （检修一班）
AC05-0412,工作令号:蒲均-2023-4-18 040703车客室3#车门内侧指示灯不亮。,紧固040703车客室3#车门内侧指示灯电源接插件后恢复正常。（检修一班）
04A02-0429,工作令号:蒲均-2023-4-29 041702车客室2B车门EDCU通信中断,更换041702车主门控制器（EDCU）1个后正常。（检修一班） （型号： FT0036502-001 厂商：上海法维莱交通车辆设备有限公司）（备件由申通长客质保提供）（序列号旧件：20883/1701（服：5807035） 新件：205671611） 备注：备件为新件无部件修工单
AC05-0407,工作令号:蒲均-2023-4-21 040412车客室6#车门内侧指示灯不亮。,紧固040412车客室6#车门内侧指示灯电源接插件后恢复正常。（检修一班）
AC05-0405,工作令号:蒲均-2023-5-3 040262车客室3#车门内侧指示灯不亮。,紧固040262车客室3#车门内侧指示灯接插件后恢复正常。（检修一班）
AC05-0405,工作令号:蒲均-2023-5-3 040283车客室8#车门紧急拉手盖板片开裂。,更换一块紧急拉手盖板片后恢复正常。 （备件名称：紧急拉手盖板片 型号规格：MZXII-41701 生产厂商：康尼） （备件来源：物流仓库领取） （检修一班）
AC05-0413,工作令号:蒲均-2023-5-4 040763车客室5#车门内侧指示灯不亮。,紧固040763车客室5#车门内侧指示灯电源线接插件后恢复正常。（检修一班）
AC05-0408,工作令号:蒲均-2023-5-6 040453车客室3#车门紧急拉手盖板片缺失。,补上一块紧急拉手盖板片后恢复正常。 （备件名称：紧急拉手盖板片 型号规格：MZXII-41701 生产厂商：康尼） （备件来源：物流仓库领取） （检修一班）
AC05-0408,工作令号:蒲均-2023-5-6 040431车客室4#车门；040453车客室10#车门；040481车客室8#车门，外侧墙指示灯灯罩开裂。,更换三个车门外墙指示灯灯罩后恢复正常。 （备件名称：车门外墙指示灯灯罩 型号规格：4BY-S0511RDZ 生产厂商：柏宜照明） （备件来源：物流仓库领取） （检修一班）
AC05-0408,工作令号:蒲均-2023-5-6 040463车客室4#车门内侧指示灯不亮。,紧固040463车客室4#车门内侧指示灯电源线接插件后恢复正常。（检修一班）
AC05-0414,工作令号:蒲均-2023-5-8 040823车客室8#车门内侧指示灯不亮。,紧固040823车客室8#车门内侧指示灯电源线接插件后恢复正常。（检修一班）
AC05-0401,工作令号:蒲均-2023-5-11 040043车客室7#车门内侧指示灯不亮。,紧固040043车客室7#车门内侧指示灯电源线接插件后恢复正常。（检修一班）
AC05-0401,工作令号:蒲均-2023-5-11 040043车客室1#车门紧急拉手盖板片缺失。,补上一块紧急拉手盖板片后恢复正常。 （备件名称：紧急拉手盖板片 型号规格：MZXII-41701 生产厂商：康尼） （备件来源：物流仓库领取） （检修一班）
AC05-0409,工作令号:蒲均-2023-5-12 040513车客室6#车门紧急拉手盖板片开裂。,更换一块紧急拉手盖板片后恢复正常。 （备件名称：紧急拉手盖板片 型号规格：MZXII-41701 生产厂商：康尼） （备件来源：物流仓库领取） （检修一班）
AC05-0409,工作令号:蒲均-2023-5-12 040523车客室8#车门内侧指示灯不亮。,紧固040523车客室8#车门内侧指示灯电源线接插件后恢复正常。（检修一班）
AC05-0412,工作令号:蒲均-2023-5-15 040671车客室10#车门和040703车客室10#车门，外墙指示灯不亮。,更换两个车门外墙指示灯总成后恢复正常。 （备件名称：型号规格：BY-DT12014 厂商：上海珀宜照明电子有限公司） （备件来源：物流仓库领取） （检修一班）
AC05-0412,工作令号:蒲均-2023-5-15 040671车客室5#车门紧急拉手盖板片缺失。,补上一块紧急拉手盖板片后恢复正常。 （备件名称：紧急拉手盖板片 型号规格：MZXII-41701 生产厂商：康尼） （备件来源：物流仓库领取） （检修一班）
AC05-0412,工作令号:蒲均-2023-5-15 040693车客室2#车门内侧指示灯不亮。,紧固040693车客室2#车门内侧指示灯电源线接插件后恢复正常。（检修一班）
AC05-0411,工作令号:蒲均-2023-5-18 040611车客室8#车门、040622车客室3#车门，外墙指示灯灯罩开裂。,更换两块车门外墙指示灯灯罩后恢复正常。 （备件名称：车门外墙指示灯灯罩 型号规格：4BY-S0511RDZ 生产厂商：柏宜照明） （备件来源：物流仓库领取） （检修一班）
AC05-0411,工作令号:蒲均-2023-5-18 040633车客室2#车门内侧指示灯不亮。,紧固040633车客室2#车门内侧指示灯电源线接插件后恢复正常。（检修一班）
AC05-0411,工作令号:蒲均-2023-5-18 040611车客室9#车门紧急拉手盖板片缺失。,补上一块紧急拉手盖板片后恢复正常。 （备件名称：紧急拉手盖板片 型号规格：MZXII-41701 生产厂商：康尼） （备件来源：物流仓库领取） （检修一班）
AC05-0407,工作令号:蒲均-2023-5-20 040421车右侧司机室侧门门锁螺丝松动,紧固040421车司机室右侧车门门锁螺丝后正常。（检修一班）
AC05-0413,工作令号:蒲均-2023-6-3 040772车客室7#车门紧急拉手盖板片开裂。,更换一块紧急拉手盖板片恢复正常。 （备件名称：紧急拉手盖板片 型号规格：MZXII-41701 生产厂商：康尼） （备件来源：物流仓库领取） （检修一班）
AC05-0413,工作令号:蒲均-2023-6-3 040781车客室9#车门内侧指示灯不亮。,紧固040781车客室9#车门内侧指示灯电源线接插件后恢复正常。（检修一班）
AC05-0410,工作令号:蒲均-2023-6-14 040601车司机室右侧门锁芯损坏。,更换一个司机室侧门锁板后恢复正常。 （备件名称：司机室侧门锁板(右) 型号规格：MY600APR-21501 生产厂商：南京康尼机电股份有限公司） （备件来源：中车申通质保提供） （检修一班）
AC05-0410,工作令号:蒲均-2023-6-14 040592车客室6#车门内指示灯不亮。,紧固040592车客室6#车门内指示灯电源接插件后恢复正常。（检修一班）
AC05-0410,工作令号:蒲均-2023-6-14 040551车客室10#车门紧急拉手盖板开裂。,更换一块紧急拉手盖板片后恢复正常。 （备件名称：紧急拉手盖板片 型号规格：MZXII-41701 生产厂商：康尼） （备件来源：物流仓库领取） （检修一班）
AC05-0401,工作令号:蒲均-2023-6-6 040061车司机室右侧车门开门止档变形。,对040061车司机室右侧车门开门止档整形后恢复正常。（检修一班）
AC05-0401,工作令号：蒲均-2023-6-6 040033车客室5#车门内指示灯不亮。,紧固040033车客室5#车门内指示灯电源接插件后恢复正常。（检修一班）
AC05-0408,工作令号:蒲均-2023-6-9 040453车客室5#车门内指示灯不亮。,紧固040453车客室5#车门内指示灯电源接插件后恢复正常。（检修一班）
AC05-0408,工作令号:蒲均-2023-6-9 040472车客室2#车门紧急拉手盖板片缺失。,补上一块车门紧急拉手盖板片后恢复正常。 （备件名称：紧急拉手盖板片 型号规格：MZXII-41701 生产厂商：康尼） （备件来源：物流仓库领取） （检修一班）
AC05-0404,工作令号:蒲均-2023-6-10 040223车客室8#车门紧急拉手盖板片缺失。,更换一块紧急拉手盖板片后恢复正常。 （备件名称：紧急拉手盖板片 型号规格：MZXII-41701 生产厂商：康尼） （备件来源：物流仓库领取） （检修一班）
AC05-0404,工作令号:蒲均-2023-6-10 040213车客室5#车门内指示灯不亮。,紧固040213车客室5#车门内指示灯电源接插件后恢复正常。（检修一班）
AC05-0409,工作令号:蒲均-2023-6-11 040502车客室8#车门紧急拉手盖板片缺失。,补上一块紧急拉手盖板片后恢复正常。 （备件名称：紧急拉手盖板片 型号规格：MZXII-41701 生产厂商：康尼） （备件来源：物流仓库领取） （检修一班）
AC05-0409,工作令号:蒲均-2023-6-11 040491车客室3#车门内侧指示灯不亮。,紧固040491车客室3#车门内侧指示灯电源接插件后恢复正常。（检修一班）
AC05-0412,工作令号:蒲均-2023-6-15 040682车客室2#车门紧急拉手盖板片缺失。,补上一块紧急拉手盖板片后恢复正常。 （备件名称：紧急拉手盖板片 型号规格：MZXII-41701 生产厂商：康尼） （备件来源：物流仓库领取） （检修一班）
AC05-0412,工作令号:蒲均-2023-6-15 040682车客室9#车门内侧指示灯不亮。,紧固040682车客室9#车门内侧指示灯电源接插件后恢复正常。（检修一班）
AC05-0411,工作令号:蒲均-2023-6-18 040622车客室7#车门紧急拉手盖板片缺失。,补上一块紧急拉手盖板片后恢复正常。 （备件名称：紧急拉手盖板片 型号规格：MZXII-41701 生产厂商：康尼） （备件来源：物流仓库领取） （检修一班）
AC05-0411,工作令号:蒲均-2023-6-18 040622车客室4#车门内测指示灯不亮。,紧固040622车客室4#车门内测指示灯电源接插件后恢复正常。（检修一班）
AC05-0407,工作令号:蒲均-2023-6-19 040393车客室9#车门紧急拉手盖板片开裂。,更换一块紧急拉手盖板片后恢复正常。 （备件名称：紧急拉手盖板片 型号规格：MZXII-41701 生产厂商：康尼） （备件来源：物流仓库领取） （检修一班）
AC05-0407,工作令号:蒲均-2023-6-19 040403车客室2#车门内侧指示灯不亮。,紧固040403车客室2#车门内侧指示灯电源接插件后恢复正常。（检修一班）
AC05-0413,工作令号:蒲均-2023-7-1 040742车客室6#车门紧急拉手盖板片缺失。,补上一块紧急拉手盖板片后恢复正常。 （备件名称：紧急拉手盖板片 型号规格：MZXII-41701 生产厂商：康尼） （备件来源：物流仓库领取） （检修一班）
AC05-0413,工作令号:蒲均-2023-7-1 040781车客室6#车门内侧指示灯不亮。,紧固040781车客室6#车门内侧指示灯电源接插件后恢复正常。（检修一班）
AC05-0405,工作令号:蒲均-2023-7-2 040292车客室5#车门紧急拉手盖板片缺失。,补上一块紧急拉手盖板片后恢复正常。 （备件名称：紧急拉手盖板片 型号规格：MZXII-41701 生产厂商：康尼） （备件来源：物流仓库领取） （检修一班）
AC05-0405,工作令号:蒲均-2023-7-2 040262车客室9#车门蜂鸣器不响。,紧固040262车客室9#车门蜂鸣器电源接插件后恢复正常。（检修一班）
AC05-0401,工作令号:蒲均-2023-7-4 040061车客室9#车门紧急拉手盖板片缺失。,补上一个紧急拉手盖板片后恢复正常。 （备件名称：紧急拉手盖板片 型号规格：MZXII-41701 生产厂商：康尼） （备件来源：物流仓库领取） （检修一班 ）
AC05-0401,工作令号:蒲均-2023-7-4 040043车客室5#车门蜂鸣器不响。,紧固040043车客室5#车门蜂鸣器电源接插件后恢复正常。（检修一班）
AC05-0401,工作令号:蒲均-2023-7-4 040022车客室3#车门内侧指示灯不亮。,紧固040022车客室3#车门内侧指示灯电源接插件后恢复正常。（检修一班）
AC05-0402,工作令号:蒲均-2023-7-5 040082车客室6#车门蜂鸣器不响。,紧固040082车客室6#车门蜂鸣器电源接插件后恢复正常。（检修一班）
AC05-0408,工作令号:蒲均-2023-7-10 040463车客室9#车门蜂鸣器不响。,紧固040463车客室9#车门蜂鸣器电源接插件后恢复正常。（检修一班）
AC05-0404,工作令号:蒲均-2023-7-9 040232车客室6#车门紧急拉手盖板片缺失。,补上一块紧急拉手盖板片后恢复正常。 （备件名称：紧急拉手盖板片 型号规格：MZXII-41701 生产厂商：康尼） （备件来源：物流仓库领取） （检修一班）
AC05-0410,工作令号:蒲均-2023-7-11 040562车客室6#车门紧急拉手盖板片缺失。,补上一块紧急拉手盖板片后恢复正常。 （备件名称：紧急拉手盖板片 型号规格：MZXII-41701 生产厂商：康尼） （备件来源：物流仓库领取） （检修一班）
AC05-0410,工作令号:蒲均-2023-7-11 040573车客室4#车门内侧指示灯不亮。,紧固040573车客室4#车门内侧指示灯电源接插件后恢复正常。（检修一班）
AC05-0410,工作令号:蒲均-2023-7-11 040583车客室2#车门蜂鸣器不响。,紧固040583车客室2#车门蜂鸣器电源接插件后恢复正常。（检修一班）
AC05-0409,工作令号:蒲均-2023-7-14 040523车客室6#车门紧急拉手盖板片缺失。,补上一块紧急拉手盖板片后恢复正常。 （备件名称：紧急拉手盖板片 型号规格：MZXII-41701 生产厂商：康尼） （备件来源：物流仓库领取） （检修一班）
AC05-0409,工作令号:蒲均-2023-7-14 040502车客室2#车门内侧指示灯不亮。,紧固040502车客室2#车门内侧指示灯电源接插件后恢复正常。（检修一班）
AC05-0409,工作令号:蒲均-2023-7-14 040491车客室8#车门蜂鸣器不响。,重新紧固040491车客室8#车门蜂鸣器电源接插件后恢复正常。（检修一班）
AC05-0409,工作令号:蒲均-2023-7-14 040491车司机室右侧车门止档变形。,对040491车司机室右侧车门止档整形后恢复正常。（检修一班）
AC05-0412,工作令号:蒲均-2023-7-15 040693车客室2#车门紧急拉手盖板片缺失。,补上一块紧急拉手盖板片后恢复正常。 （备件名称：紧急拉手盖板片 型号规格：MZXII-41701 生产厂商：康尼） （备件来源：物流仓库领取） （检修一班）
AC05-0412,工作令号:蒲均-2023-7-15 040703车客室2#车门内侧指示灯不亮。,紧固040703车客室2#车门内侧指示灯电源接插件后恢复正常。（检修一班）
AC05-0412,工作令号:蒲均-2023-7-15 040682车客室6#车门蜂鸣器不响。,重新紧固040682车客室6#车门蜂鸣器电源接插件后恢复正常。（检修一班）
AC05-0411,工作令号:蒲均-2023-7-18 040661车司机室左侧侧门关门时有间隙。,调整040661车司机室左侧侧门锁挡位置后恢复正常。（检修一班）
AC05-0411,工作令号:蒲均-2023-7-18 040643车客室3#车门紧急拉手盖板片缺失。,补上一块紧急拉手盖板片后恢复正常。 （备件名称：紧急拉手盖板片 型号规格：MZXII-41701 生产厂商：康尼） （备件来源：物流仓库领取） （检修一班）
AC05-0411,工作令号:蒲均-2023-7-18 040633车客室3#车门蜂鸣器不响。,重新紧固040633车客室3#车门蜂鸣器电源接插件后恢复正常。（检修一班）
AC05-0411,工作令号:蒲均-2023-7-18 040643车客室4#车门内测指示灯不亮。,紧固040643车客室4#车门内测指示灯电源接插件后恢复正常。（检修一班）
AC05-0407,工作令号:蒲均-2023-7-21 040382车客室9#车门紧急拉手盖板片缺失。,补上一块紧急拉手盖板片后恢复正常。 （备件名称：紧急拉手盖板片 型号规格：MZXII-41701 生产厂商：康尼） （备件来源：物流仓库领取） （检修一班）
AC05-0407,工作令号:蒲均-2023-7-21 040371车司机室右侧车门关门止档变形。,对040371车司机室右侧车门关门止档整形后恢复正常。（检修一班）
AC05-0407,工作令号:蒲均-2023-7-21 040393车客室2#车门蜂鸣器音量低。,重新紧固040393车客室2#车门蜂鸣器电源接插件后恢复正常。（检修一班）
AC05-0407,工作令号:蒲均-2023-7-21 040382车客室6#车门内侧指示灯不亮。,紧固040382车客室6#车门内侧指示灯电源接插件后恢复正常。（检修一班）
04A02-0453,工作令号:四日-2022-8-2 043181 2、4、6、7门车门内指示灯不亮 043172 3、5、6、9门车门内指示灯不亮,更换8个车门内指示灯后正常。（检修二班） 备件来源：物流仓库领用。 工单内按要求重新下发RSYJ域备件：车门内指示灯（橙）8个。
AC05-0416,工作令号:四日-2022-8-26 040911司机室侧门卡滞。,重新调整止挡位置后正常，测试开关门功能正常。（检修二班）
AC05-0419,工作令号:蒲均-2022-9-4 041091 4门、7门，041141 3门、5门、7门车门外墙指示灯不亮,更换5个车门外墙指示灯总成后正常。（检修二班）。 备件来源：物流仓库领用。
AC05-0421,工作令号:蒲均-2022-10-1 041261一门、四门、七门；041252三门、六门、九门车门外墙指示灯灯罩开裂,更换6个车门外墙指示灯灯罩后正常（检修二班）。 备件来源：物流仓库领用。
AC05-0424,工作令号:蒲均-2022-10-7 041391 2门、3门、7门、9门、10门、041413 1门、5门、7门、8门、10门、041432 4门、5门、7门、9门、10门 车门紧急解锁盖板损坏,更换15个车门紧急解锁盖板后检查正常。（检修二班）。 备件来源：物流仓库领用。
AC05-0427,工作令号:蒲均-2023-2-18 041621 4门V字型尺寸超标,调整041621 4门V型尺寸后正常。（检修二班）
AC05-0415,工作令号:蒲均-2023-2-21 040862 5门车门外墙指示灯不亮,紧固040862 5门车门外墙指示灯接插件后正常（检修二班）。
AC05-0419,工作令号:蒲均-2023-2-22 041132 6门 S2尺寸超标,调整041132 6门 S2尺寸后正常。（检修二班）。
AC05-0428,工作令号:蒲均-2023-3-1 041681 9门车门外墙指示灯不亮,紧固 041681 9门车门外墙指示灯接插件后正常。（检修二班）
AC05-0424,工作令号:蒲均-2023-3-2 041432 1门内侧指示灯接线松,紧固 041432 1门内侧指示灯接插件后正常（检修二班）。
AC05-0424,工作令号:蒲均-2023-3-2 041391 司机室左侧车门门页固定螺栓松动,紧固 041391 司机室左侧车门门页固定螺栓后正常（检修二班）。
04A02-0450,工作令号:蒲均-2023-3-24 042992 6门内侧指示灯（黄）接线松动,紧固 042992 6门内侧指示灯（黄）接插件后正常 （检修二班）。
04A02-0450,工作令号:蒲均-2023-3-24 042992 3门支撑轮松动,紧固042992 3门支撑轮后正常。（检修二班）。
04A02-0455,工作令号:蒲均-2023-3-25 043262 5门支撑轮松动,紧固 043262 5门支撑轮螺栓后正常（检修二班）。
04A02-0455,工作令号:蒲均-2023-3-25 043283 7门下导轨紧固件松动,紧固043283 7门下导轨螺栓后正常（检修二班）。
AC05-0416,工作令号:蒲均-2023-3-7 040943 7门外侧指示灯（红）接线松动,紧固 040943 7门外侧指示灯（红）接插件后正常（检修二班）。
AC05-0416,工作令号:蒲均-2023-3-7 040911 5门车门定位槽固定螺栓松动,紧固   040911 5门车门定位槽固定螺栓后正常（检修二班）。
AC05-0423,工作令号:蒲均-2023-3-10 041363 4门定位槽固定螺栓松动,紧固041363 4门定位槽固定螺栓后正常（检修二班）。
AC05-0423,工作令号:蒲均-2023-3-10 041381 7门内侧指示灯（黄）不亮,更换041381 7门内侧指示灯（黄）总成后正常（检修二班）。 备件来源：车辆分公司修复件。
AC05-0426,工作令号:蒲均-2023-3-11 041561 5门外侧指示灯接线松,紧固041561 5门外侧指示灯接插件后正常（检修二班）。
AC05-0426,工作令号:蒲均-2023-3-11 041522 7门 下导轨松,紧固 041522 7门 下导轨螺栓后正常（检修二班）。
04A02-0451,工作令号:蒲均-2023-3-29 043043 2门盖板方孔锁松,紧固043043 2门盖板方孔锁螺栓后正常（检修二班）。
04A02-0451,工作令号:蒲均-2023-3-29 043061 7门支撑轮松,紧固043061 7门支撑轮螺栓后正常（检修二班）。
AC05-0417,工作令号:蒲均-2023-3-14 040993 7门外侧指示灯接线松,紧固040993 7门外侧指示灯接插件后正常（检修二班）
AC05-0417,工作令号:蒲均-2023-3-14 041021 3门压轮松,紧固041021 3门压轮螺栓后正常（检修二班）。
AC05-0422,工作令号:蒲均-2023-3-17 041293 6门定位槽固定螺栓松,紧固041293 6门定位槽固定螺栓后正常（检修二班）。
AC05-0422,工作令号:蒲均-2023-3-17 041321 司机室左侧门锁松,紧固041321 司机室左侧门锁螺栓后正常（检修二班）。
AC05-0425,工作令号:蒲均-2023-3-18 041483 8门内侧指示灯（红）接线松,紧固041483 8门内侧指示灯（红）接插件后正常（检修二班）。
AC05-0425,工作令号:蒲均-2023-3-18 041501 6门压轮松,紧固041501 6门压轮螺栓后正常（检修二班）。
AC05-0427,工作令号:蒲均-2023-3-20 041621 3门定位槽固定螺栓松,紧固 041621 3门 定位槽 固定螺栓后正常（检修二班）
AC05-0427,工作令号:蒲均-2023-3-20 041603 7门内侧指示灯（黄）接线松,紧固 041603 7门 内侧指示灯（黄）接插件后正常（检修二班）。
04A02-0434,工作令号:蒲均-2023-3-32 041991 10门蜂鸣器声音小,调控041991 10门蜂鸣器声音音量后正常（检修二班）。
04A02-0434,工作令号:蒲均-2023-3-32 042013 8门支撑轮与门页金属条碰擦,调节042013 8门支撑轮后正常（检修二班）。
AC05-0415,工作令号:蒲均-2023-3-21 040883 4门定位销松动,紧固040883 4门定位销后正常（检修二班）。
AC05-0415,工作令号:蒲均-2023-3-21 040901 5门内侧指示灯（红）不亮,紧固040901 5门内侧指示灯（红）接插件后正常（检修二班）。
AC05-0419,工作令号:蒲均-2023-3-22 041132 6门外则指示灯（红）接线松,紧固041132 6门外则指示灯（红）接插件后正常。（检修二班）
AC05-0419,工作令号:蒲均-2023-3-22 041113 5门压轮松,紧固 041113 5门压轮固定螺栓后正常。（检修二班）
AC05-0424,工作令号:蒲均-2023-4-2 041441 7门开门止档松,紧固041441 7门开门止档固定螺栓后正常。（检修二班）
AC05-0424,工作令号:蒲均-2023-4-2 041402 9门定位槽松,紧固 041402 9门定位槽固定螺栓后正常。（检修二班）
04A02-0450,工作令号:蒲均-2023-4-24 042951 5门内侧指示灯（黄）接线松,紧固042951 5门内侧指示灯（黄）接插件后正常（检修二班）。
04A02-0450,工作令号:蒲均-2023-4-24 042983 7门下导轨松,紧固042983 7门下导轨固定螺栓后正常（检修二班）。
AC05-0416,工作令号:蒲均-2023-4-5 040961 7门内侧指示灯（红）接线松,紧固040961 7门内侧指示灯（红）接插件后正常（检修二班）。
AC05-0416,工作令号:蒲均-2023-4-5 040911 5门压轮松,紧固040911 5门螺栓后正常（检修二班）。
AC05-0423,工作令号:蒲均-2023-4-6 041363 8门定位槽松,紧固041363 8门固定螺栓后正常（检修二班）。
AC05-0423,工作令号:蒲均-2023-4-6 041381 3门门内侧指示灯（黄）接线松,紧固041381 3门门内侧指示灯（黄）接插件后正常（检修二班）。
AC05-0420,工作令号:蒲均-2023-4-9 041173 8门外侧指示灯（红）接线松,紧固 041173 8门外侧指示灯（红）接插件后正常。（检修二班）
AC05-0420,工作令号:蒲均-2023-4-9 041151 6门开门止档松,紧固 041151 6门开门止档螺栓后正常。（检修二班）
AC05-0426,工作令号:蒲均-2023-4-10 041522 7门外侧指示灯不亮,紧固041522 7门外侧指示灯接插件后正常（检修二班）。
AC05-0426,工作令号:蒲均-2023-4-10 041511 5门定位销变形,整形041511 5门定位销后正常（检修二班）。
04A02-0451,工作令号:蒲均-2023-4-27 043033 4门内侧指示灯（红）不亮,紧固043033 4门内侧指示灯（红）接插件后正常（检修二班）。 任务说明里车辆号应为043033，不是043023。
04A02-0451,工作令号:蒲均-2023-4-27 043052 7门辅助支撑松动,紧固043052 7门辅助支撑螺栓后正常（检修二班）。
AC05-0417,工作令号:蒲均-2023-4-13 040993 5门开门止档松,紧固040993 5门开门止档螺栓后正常（检修二班）。
AC05-0417,工作令号:蒲均-2023-4-13 040982 7门内侧指示灯（红）不亮,紧固040982 7门内侧指示灯（红）接插件后正常（检修二班）。
AC05-0422,工作令号:蒲均-2023-4-15 041303 9门定位槽松,紧固041303 9门定位槽螺栓后正常（检修二班）。
AC05-0422,工作令号:蒲均-2023-4-15 041293 8门内侧指示灯（红）不亮,紧固041293 8门内侧指示灯（红）接插件后正常（检修二班）。
AC05-0425,工作令号:蒲均-2023-4-16 041501 8门定位槽松,紧固041501 8门定位槽螺栓后正常（检修二班）。
AC05-0425,工作令号:蒲均-2023-4-16 041501 2门内侧指示灯（红）不亮,紧固041501 2门内侧指示灯（红）接插件后正常（检修二班）。
AC05-0427,工作令号:蒲均-2023-4-19 041603 7 门定位槽松,紧固041603 7 门定位槽螺栓后正常（检修二班）。
AC05-0427,工作令号:蒲均-2023-4-19 041612 9门左侧上导轨变形,更换1个041612 9门左侧上导轨后正常（检修二班）。 备件来源：大修质保提供，坏件大修质保处理，备件为新件。 备注：任务说明中应为041612 9门左侧上导轨变形。
AC05-0415,工作令号:蒲均-2023-4-20 040873 6门定位槽松,紧固040873 6门定位槽螺栓后正常（检修二班）。
AC05-0415,工作令号:蒲均-2023-4-20 040901司机室通道门锁舌松,紧固040901司机室通道门锁舌后正常（检修二班）。
04A02-0434,工作令号:蒲均-2023-4-30 042041 通道门无法锁闭,更换一个042041 通道门 门锁组成后正常。（检修二班） 来源：架大修质保提供，坏件由质保处理。 备件为新件。
AC05-0419,工作令号:蒲均-2023-4-22 041113 9门内侧指示灯（红）不亮,紧固041113 9门内侧指示灯（红）接插件后正常（检修二班）。
AC05-0419,工作令号:蒲均-2023-4-22 041113 5门定位槽变形,整形041113 5门定位槽后正常（检修二班）。
AC05-0424,工作令号:蒲均-2023-5-1 041391 6门定位槽变形,对041391 6门定位槽整形后正常（检修二班）。
AC05-0424,工作令号:蒲均-2023-5-1 041402 10门外侧指示灯不亮,紧固041402 10门外侧指示灯接插件后正常（检修二班）。
AC05-0416,工作令号:蒲均-2023-5-2 040943 5门定位槽松,紧固040943 5门定位槽螺栓后正常（检修二班）。
AC05-0416,工作令号:蒲均-2023-5-2 040961 9门内侧指示灯（红）不亮,紧固040961 9门内侧指示灯（红）接插件后正常（检修二班）。
AC05-0423,工作令号:蒲均-2023-5-5 041331 7门外侧指示灯不亮,紧固 041331 7门外侧指示灯接插件后正常。（检修二班）。 任务说明应为 041331 7门外侧指示灯不亮。
AC05-0420,工作令号:蒲均-2023-5-9 041162 3门外侧指示灯不亮,紧固 041162 3门外侧指示灯接插件后正常。（检修二班）
AC05-0426,工作令号:蒲均-2023-5-10 041511 8门定位槽变形,整形 041511 8门定位槽后正常。（检修二班）
04A02-0451,工作令号:蒲均-2023-5-25 043061 7 门蜂鸣器声音轻,调节043061 7 门蜂鸣器声音后正常（检修二班）。
04A02-0451,工作令号:蒲均-2023-5-25 043033 10门支撑轮与门页碰擦,调节043033 10门支撑轮后正常（检修二班）。
AC05-0417,工作令号:蒲均-2023-5-14 041021 8门外侧指示灯不亮,紧固041021 8门外侧指示灯接插件后正常（检修二班）。
AC05-0417,工作令号:蒲均-2023-5-14 041012 6门定位槽松,紧固041012 6门定位槽螺栓后正常（检修二班）。
AC05-0422,工作令号:蒲均-2023-5-16 041293 3门定位槽松,紧固041293 3门定位槽螺栓后正常（检修二班）。
AC05-0422,工作令号:蒲均-2023-5-16 041303 7门外侧指示灯不亮,紧固041303 7门外侧指示灯接插件后正常（检修二班）。
AC05-0425,工作令号:蒲均-2023-5-17 041483 8门内侧指示灯（红）不亮,紧固041483 8门内侧指示灯（红）接插件后正常（检修二班）。
AC05-0425,工作令号:蒲均-2023-5-17 041501 6门定位槽变形,整形041501 6门定位槽后正常（检修二班）。
AC05-0427,工作令号:蒲均-2023-5-19 041612 7门定位槽变形,整形041612 7门定位槽后正常（检修二班）。
AC05-0427,工作令号:蒲均-2023-5-19 041593 10门外侧指示灯不亮,紧固041593 10门外侧指示灯接插件后正常（检修二班）。 备注：任务说明中应为：041593 10门外侧指示灯不亮
04A02-0434,工作令号:蒲均-2023-5-30 041991 8门蜂鸣器声音轻,调节041991 8门蜂鸣器后正常（检修二班）。
04A02-0434,工作令号:蒲均-2023-5-30 042032 6门支撑轮与门页碰擦,调整042032 6门支撑轮后正常（检修二班）。 任务说明中车辆号应为 042032。
AC05-0415,工作令号:蒲均-2023-5-21 040873 10门定位槽变形,整形040873 10门定位槽后正常（检修二班）。
AC05-0415,工作令号:蒲均-2023-5-21 040851 5门外侧指示灯不亮,紧固040851 5门外侧指示灯接插件后正常（检修二班）。
AC05-0419,工作令号:蒲均-2023-5-22 041132 5门外侧指示灯不亮,紧固041132 5门外侧指示灯接插件后正常（检修二班）。
AC05-0419,工作令号:蒲均-2023-5-22 041113 10门定位槽变形,整形041113 10门定位槽后正常（检修二班）。
AC05-0424,工作令号:蒲均-2023-6-1 041391 10门定位槽变形,整形041391 10门定位槽后正常（检修二班）。
AC05-0424,工作令号:蒲均-2023-6-1 041441 7门外侧指示灯不亮,紧固041441 7门外侧指示灯接插件后正常（检修二班）。
AC05-0416,工作令号:蒲均-2023-6-2 040911 10门定位槽变形,整形040911 10门定位槽后正常（检修二班）。
AC05-0416,工作令号:蒲均-2023-6-2 040922 9门外侧指示灯不亮,紧固040922 9门外侧指示灯接插件后正常（检修二班）。 任务说明应为：040922 9门外侧指示灯不亮。
04A02-0436,工作令号:蒲均-2023-6-24 042143 8 门支撑轮与门页碰擦,调节042143 8 门支撑轮后正常（检修二班）。 备注：故障时间填写错误，正确为2023/6/6 13:00:00 实际开始时间填写错误，正确为2023/6/6 13:00:00 实际错误时间填写错误，正确为2023/6/6 14:00:00
04A02-0436,工作令号:蒲均-2023-6-24 042122 6门内侧指示灯（红）不亮,紧固042122 6门内侧指示灯（红）接插件后正常（检修二班）。 备注：故障时间填写错误，正确为2023/6/6 13:00:00 实际开始时间填写错误，正确为2023/6/6 13:00:00 实际错误时间填写错误，正确为2023/6/6 14:00:00。
AC05-0423,工作令号:蒲均-2023-6-4 041331 7门外侧指示灯（红）不亮,紧固041331 7门外侧指示灯（红）接插件后正常（检修二班）。
AC05-0423,工作令号:蒲均-2023-6-4 041381 10门定位槽变形,整形041381 10门定位槽后正常（检修二班）。
04A02-0455,工作令号:蒲均-2023-6-25 043283 6门左侧支撑轮间隙小,调整043283 6门左侧支撑轮后正常（检修二班）。
04A02-0455,工作令号:蒲均-2023-6-25 043283 2门蜂鸣器不响,043283 2门蜂鸣器缺失，补上后正常（检修二班）。 备件来源：物流仓库领用。 生产厂商：上海法维莱交通车辆设备有限公司 型号规格：12.2320.0260
AC05-0420,工作令号:蒲均-2023-6-8 041173 9门定位槽变形,整形041173 9门定位槽后正常（检修二班）。
AC05-0420,工作令号:蒲均-2023-6-8 041201 9门外侧指示灯不亮,紧固041201 9门外侧指示灯接插件后正常（检修二班）。
AC05-0426,工作令号:蒲均-2023-6-12 041552 6门外侧指示灯不亮,紧固041552 6门外侧指示灯接插件后正常（检修二班）。
AC05-0426,工作令号:蒲均-2023-6-12 041561 10门定位槽变形,整形041561 10门定位槽后正常（检修二班）。
AC05-0417,工作令号:蒲均-2023-6-13 041012 9门 041021 6门S1行程开关卡滞,更换两个S1行程开关后正常（检修二班）。 备件来源：大修质保提供。
AC05-0417,工作令号:蒲均-2023-6-13 040971 10门定位槽变形,整形040971 10门定位槽后正常（检修二班）。
AC05-0425,工作令号:蒲均-2023-6-16 041501 10门定位槽松,紧固 041501 10门定位槽螺栓后正常。（检修二班）
AC05-0427,工作令号:蒲均-2023-6-17 041603 8门定位槽变形,整形 041603 8门定位槽后正常。（检修二班）
04A02-0434,工作令号:蒲均-2023-6-29 042013 8门支撑轮与门页碰擦,调整042013 8门支撑轮后正常（检修二班）。
04A02-0434,工作令号:蒲均-2023-6-29 041991 2门蜂鸣器声音轻,调节041991 2门蜂鸣器音量后正常（检修二班）。
AC05-0415,工作令号:蒲均-2023-6-20 040851 6门定位槽变形,整形 040851 6门定位槽后正常。（检修二班）
AC05-0419,工作令号:蒲均-2023-6-21 041102 6门外侧指示灯不亮,紧固041102 6门外侧指示灯接插件后正常（检修二班）。
AC05-0419,工作令号:蒲均-2023-6-21 041091 8门定位槽变形,整形041091 8门定位槽后正常（检修二班）。
04A02-0452,工作令号:蒲均-2023-6-28 043071 6门蜂鸣器声音轻,调节043071 6门蜂鸣器声音后正常（检修二班）。
04A02-0452,工作令号:蒲均-2023-6-28 043093 8门支撑轮与门页碰擦,调整043093 8门支撑轮后正常（检修二班）。
AC05-0416,工作令号:蒲均-2023-7-3 040943 4门车门盖板锁闭机构松,紧固040943 4门车门盖板锁闭机构固定螺栓后正常（检修二班）。
AC05-0416,工作令号:蒲均-2023-7-3 040961 7门开门止档松,紧固040961 7门开门止档紧固螺母后正常（检修二班）。
AC05-0424,工作令号:蒲均-2023-7-7 041432 7门外侧门灯不亮,紧固041432 7门外侧门灯接插件后正常（检修二班）。
AC05-0424,工作令号:蒲均-2023-7-7 041441 5门开门止档松,紧固041441 5门开门止档螺母后正常（检修二班）。
04A02-0433,工作令号:蒲均-2023-7-24 041963 7门蜂鸣器声音轻,调整041963 7门蜂鸣器后正常（检修二班）。
04A02-0433,工作令号:蒲均-2023-7-24 041981 1门支撑轮与车门擦碰,调整041981 1门支撑轮后正常（检修二班）。
AC05-0426,工作令号:蒲均-2023-7-12 041561 10门定位槽变形,整形041561 10门定位槽后正常（检修二班）。
AC05-0426,工作令号:蒲均-2023-7-12 041552 7门外侧指示灯不亮,紧固041552 7门外侧指示灯接插件后正常（检修二班）。
AC05-0420,工作令号:蒲均-2023-7-13 041183 5门定位槽内有异物,清洁041183 5门定位槽后正常（检修二班）。
AC05-0420,工作令号:蒲均-2023-7-13 041201 8门内侧指示灯（红）接线松,紧固041201 8门内侧指示灯（红）接插件后正常（检修二班）。
AC05-0423,工作令号:蒲均-2023-7-8 041372 9门定位槽变形,整形041372 9门定位槽后正常（检修二班）。
AC05-0417,工作令号:蒲均-2023-7-17 041021 8门定位槽变形,整形041021 8门定位槽后正常（检修二班）。
04A02-0455,工作令号:蒲均-2023-7-27 043283 5门蜂鸣器声音轻,调节043283 5门蜂鸣器音量后正常（检修二班）。
04A02-0455,工作令号:蒲均-2023-7-27 043292 8门支撑轮与门页碰擦,调整043292 8门支撑轮后正常（检修二班）。
AC05-0425,工作令号:蒲均-2023-7-19 041492 6门定位槽变形,整形041492 6门定位槽后正常（检修二班）。
04A02-0434,工作令号:蒲均-2023-7-32 042013 8门蜂鸣器声音轻,调节042013 8门蜂鸣器音量后正常（检修二班）。
04A02-0434,工作令号:蒲均-2023-7-32 042002 7门支撑轮与门页碰擦,调整042002 7门支撑轮后正常（检修二班）。